name,identification,email,address,phone
Angel Daniel,149186547,rmiller@boyer.com,"USNS Davis
FPO AP 78518",(873)222-2692x09480
Matthew Wilson,475925688,matthew15@ramirez.com,"42023 Barrett Path Suite 281
Jeremyborough, OH 72889",(264)225-7425
Jennifer Phelps,112231541,echristian@hotmail.com,"392 Smith Corners Apt. 737
East Angeltown, MO 64086",248.695.2117
Jonathan Cook,708283326,zjones@yahoo.com,"657 Landry Way Suite 966
Robinsonfurt, CA 22461",0756633727
Lindsay Garcia,959234562,juliamatthews@carpenter.com,"906 Justin Locks Apt. 838
Port Timothyview, AR 68865",001-158-358-0277
Eric Klein,243553915,acostajoshua@hotmail.com,"0571 Carroll Cliffs
Davisstad, WI 00721",9179003714
Ashley Adams,7005498,elambert@cook.info,"660 Marcus Camp Suite 262
Port Stevenmouth, NC 10819",(224)273-1751x2329
Meghan Nguyen,724330039,hhughes@randolph-ingram.com,"259 Jared Manor
Brownville, AZ 52844",767.278.8207
Ryan Richards,643387222,phillipcarter@hotmail.com,"695 Francis Cliffs
Port Bryantown, VT 33873",001-398-345-1521x215
Janice Alexander,215716832,matthew55@leach-blackburn.com,"81268 Hamilton Fort
Fitzgeraldfort, ID 71489",+1-411-073-0697x704
Katherine Dunn,92651576,golson@davis.info,"837 Schneider Spur Suite 656
Darrellmouth, WI 33323",6081126986
Brett Odom,724488250,colemanjames@chavez.info,"952 Barbara Turnpike
Jacquelinebury, MO 71346",550.725.0901
Jenna Scott,265881315,rogerseric@hotmail.com,"Unit 1694 Box 1865
DPO AE 26667",404-358-1223x371
Andrew Johns,401149568,lorinelson@hotmail.com,"62457 Booth Mews Apt. 453
Lake Vincentport, DE 49208",894-499-5852x2479
Christine Curtis,778029406,christopherferguson@acevedo-robertson.info,"2480 Jesse Unions Suite 534
East Antonioshire, MS 71510",554.861.0493x592
Madison Jones,307805784,wattsdavid@morgan-wheeler.com,"USNS Ferguson
FPO AP 50263",149.766.5747
Tracy Simmons,484837788,bryan30@williams.com,"76775 Jennifer Orchard Apt. 758
Port Lance, NH 53890",0383343588
Shelby Wolf,962795476,daniel46@gmail.com,"613 Billy Radial Suite 171
South Benjamin, WY 15230",7506854443
Kyle Jackson,965030358,pwheeler@yahoo.com,"24896 Helen Rapid Suite 758
New Joseph, MN 97017",001-392-237-6541x8420
Linda Shepard,644042817,munozcharles@yahoo.com,"4947 Reynolds Islands
Kathleenburgh, DE 96988",2931087130
Kathleen Brady,689720635,victoria31@gmail.com,"Unit 6453 Box 5308
DPO AA 48049",2253893664
Bobby Luna,800125157,kathryn43@hotmail.com,"2923 Michael Fords Suite 316
Dustinton, IN 31032",001-549-919-1859
Richard Lopez,268619593,justinallen@quinn.info,"6875 Hill Forks
Teresaland, AL 58910",+1-418-560-8033x44588
Ralph Bush,625774276,bradleyamy@doyle.com,"03975 Mills Square Apt. 322
Port Claudia, MI 34792",+1-866-778-9252x6524
David Webb,569906245,stevenrodriguez@gmail.com,"3613 Laura Ridges Suite 762
South Theresa, VA 98493",993.305.1410
Kim Russell,328037408,cindy11@wood.com,"887 Kelley Walk Apt. 960
East Martha, CT 59649",001-136-251-3102x24346
Michael Holt,969677194,rmiller@hubbard-benitez.com,"3499 David Lake Suite 745
South Dylan, AK 03041",882-041-3572
Mr. Justin Cook,796337665,ofritz@richards.com,"Unit 9907 Box 4757
DPO AE 46640",737.675.5823
Timothy Wood,636808209,christina78@yahoo.com,"836 Bates Points
Port Andrewshire, GA 83721",001-948-037-6474
Yolanda Hines,975617669,cscott@hotmail.com,"812 Mccarthy Viaduct Apt. 376
Kristinamouth, AL 43563",(659)333-4905
Jasmine Kelly,569390187,fitzgeraldelizabeth@yahoo.com,"697 Reynolds Dam Apt. 423
Jacobland, MO 89387",843-277-1394
Robert Smith,325459789,smithtimothy@wallace.com,"Unit 2774 Box 4368
DPO AE 01041",001-595-596-1706x9253
Jonathan Smith,325603096,debragriffin@hotmail.com,"322 Smith Pines Suite 052
Lake Scotthaven, NM 11543",796.397.5185x7448
Erin Marshall,819212515,sethsmith@robinson.com,"04382 Edward Mountains Suite 369
Georgeberg, ME 94518",793.145.6997x893
Mark Ford,444056964,millerricardo@hotmail.com,"07900 Friedman Ferry Suite 170
South Christina, WV 53142",+1-407-009-2402
Cynthia Lee,717643055,christinaflores@jones.org,"368 Jones Estates Apt. 059
Jonesstad, NY 59968",+1-822-188-2029x6929
Sean Hood,30122773,cynthiaevans@hernandez.com,"7426 Middleton Hill Suite 303
Millerview, CO 23232",+1-348-069-6954x792
Kim Stephens,622536043,karen28@johnson.com,"12967 Ryan Shoals Apt. 994
Port Jesse, MO 86007",(092)586-3570x54204
Adam Mckinney,747822485,fwilliams@lewis-wu.org,"572 Tammy Forest
Youngside, SD 92567",813.559.4153x962
Valerie Brown,857630459,qmcgee@gmail.com,"2739 Hood Rest Apt. 962
Johnburgh, UT 27169",869.591.7228
Jason Pace,204909440,tjohnson@yahoo.com,"19964 Edwards Pines
South Jeremystad, AZ 79080",001-517-371-6236x2223
Gregory Anderson,241114561,julie98@cortez.com,"5395 Brandon Freeway Apt. 858
North Melissa, OR 60184",+1-282-173-3048x555
Rebecca Avila,494808313,pwilson@sanchez.com,"78969 Mcguire Springs Suite 562
Port Christopher, NJ 29478",773.248.1617
Morgan Leon,315164793,miranda94@yahoo.com,"853 Virginia Cape Suite 757
Wilsonport, SC 89614",001-853-081-5933x565
Fernando Hunt,505327194,abigailkelly@johnson.net,"9609 Conner Track Apt. 859
Kristenberg, MD 40765",5863279231
Jason Luna,892962448,rodriguezrhonda@yahoo.com,"204 Laura Hill
Craigland, OK 08760",600.123.2569x570
Gregory Howell,394523505,david12@young.org,"036 Tyler Groves Suite 302
Danielsfurt, WV 45483",213-496-7129x11054
Miguel Sharp MD,763963140,sgeorge@ramos-acevedo.net,"47921 Johnson Expressway Suite 742
Oliviaport, PA 16931",001-600-899-5324
Stephanie Acosta,594590875,joshuahenderson@pierce-ramos.com,"7067 Henderson Knoll
Joshuashire, NJ 84213",001-365-629-8075x05840
Julia Davis,25832528,barkerbrent@berg-dougherty.com,"0246 Brown Roads Suite 606
North Luisburgh, WI 38462",674-440-7862
Amy Woods,97866586,paul38@byrd.info,"247 Sheila Centers
North Troybury, WA 43836",2338512573
Julie Dunn,79987146,melissawebb@gmail.com,"758 Ruth Mall
Briggstown, MA 48538",883-656-1878x6532
Nicole Mcdonald,520620439,frederickmarshall@evans.biz,"7229 Michelle Forges Suite 411
Hardyview, VT 06858",+1-692-758-5774x3951
Jennifer Mendoza,260613460,susanchapman@gmail.com,"11916 Katherine Creek
Kathleenport, ND 68479",203-605-2009x1103
Rachel Fisher,511962082,bgarcia@johnson.org,"38507 Newman Loop Suite 268
Tommyberg, UT 25108",650-424-8808
Jorge Thomas,527088924,jason19@yahoo.com,"013 Tabitha Cliff
Stevenmouth, NJ 04089",921-668-1704x3013
Robert Hicks,181982363,powelllarry@hotmail.com,"1639 Delacruz Park
East Linda, DC 18242",(335)290-8992
Terry Watson,87147005,kaiserwilliam@hotmail.com,"0047 Lori Square
East Josechester, KS 29146",(426)053-2668
Carlos Wood,623072602,hillwilliam@hotmail.com,"53828 Laura Spurs
Lauraville, DE 53316",440-516-4972x0722
Richard Weiss,729577216,carla37@gmail.com,"316 Robert Dam
North Christina, MA 15552",521-212-3209x2220
Sarah Clark,696739719,wsanchez@christian.com,"04967 Nguyen Circle Suite 871
Lake Andrea, NY 87021",853.981.8171
Briana Wu,520971718,rachelsmith@frey.com,"534 Campbell View
Sandersland, FL 59798",(177)732-3856x95766
Raven Jordan,785949232,rayalexa@yahoo.com,"6132 Spencer Corner Apt. 383
Lake Loriberg, MA 96874",001-870-036-3211
Angelica Gibbs,519768710,yarnold@smith-bruce.com,"68574 Coleman Villages Suite 522
North Erikaton, CA 83413",+1-378-867-9488x99135
Tammy Jacobs,64271785,scottroger@gmail.com,"57458 Collier Junctions Suite 288
Lake Nicholas, CT 00530",227.597.0062
Michael Evans,357901640,steven80@yahoo.com,"921 Ramirez Mount
New Anthonyville, ND 52047",6777129275
Tony Pham,830210363,kendrapena@yahoo.com,"Unit 3715 Box 5620
DPO AA 18266",001-094-782-5703
Miss Carrie Underwood,696962875,amy45@hotmail.com,"USNV Morris
FPO AA 49085",0792914312
Ryan Russell,896950954,michael78@walters.com,"70003 Tiffany Drives
Robertchester, IA 05998",001-266-212-7928x22281
Kimberly Bennett,196811583,smithmichelle@gmail.com,"70851 Daniel Station Apt. 975
Hernandezton, IL 77476",(083)724-9058x016
Joshua Neal,893866597,wheelerbrandon@hotmail.com,"1324 William Glens
New Jenniferland, IL 16679",001-256-341-5493x0374
Robert Rodriguez,291010345,steven70@gmail.com,"9483 Patricia Greens Suite 612
West Daniel, CT 37484",562-175-6225x4306
Blake Ford,915064128,wrightsally@hotmail.com,"933 Casey Court Apt. 193
Lake Douglas, AL 33325",276-740-5323x764
Chad Garcia,11426912,john27@schaefer.com,"195 Rollins Land Suite 478
North Angelastad, IN 84674",(530)211-7419
Autumn Webb,174039328,davidreed@hotmail.com,"198 Frazier Branch Suite 399
South Sharon, AR 75490",907-357-6151x4325
Elizabeth Singleton,565067343,jeffreyhahn@dawson-myers.biz,"87020 Horton Valleys
Rodriguezfurt, WV 03348",173.672.3805
Sarah Thompson,333387701,williamchavez@yahoo.com,"Unit 0218 Box 2805
DPO AA 08015",+1-444-121-3206x307
Sarah Martin,355405632,earllee@gmail.com,"5963 Strong Points
Lake Kayla, SC 51830",406-810-6283
Pamela Herrera,71585472,cardenasthomas@yahoo.com,"3416 Gregory Rapids Suite 629
North Nicolehaven, IL 93329",539.557.9029
Shannon Horn,708960117,brian88@pitts-bush.com,"USNS Buchanan
FPO AA 82885",(297)388-2854
Christopher Edwards,626043010,pmcclain@castro-humphrey.com,"32230 Jeffery Via Apt. 616
West Tanya, WA 77567",(204)535-1285x920
Brandon Hester,326481119,huertatracie@yahoo.com,"0169 Summers Vista
West Stuart, UT 98685",836.687.2362x166
Mariah Jackson,599800533,eperry@wilson.com,"558 Bryan Isle
New Raymond, AL 55316",(382)120-4674
Carol Lawson,492953650,joneskelsey@hotmail.com,"747 Miller Point
Georgeton, UT 90920",783.291.2840
Heather Collins,573712035,thomashansen@hotmail.com,"7878 Nelson Stravenue
New Jacob, NE 62801",+1-960-564-8502x177
Joshua Delgado,56103750,greenbrandon@gmail.com,"741 Morgan Underpass
South Sheila, IL 16740",101-802-6501x00181
Jerry Greene,867865303,jay56@white-wiggins.com,"60823 Lauren Wall Apt. 074
New Kellyside, MI 21097",(703)649-5080x4789
Connor Wagner,355813998,haley03@boyd-harris.com,"506 Brandy Rapid
Dawsonberg, RI 42470",0195959907
Marcia Randolph,118434130,huntrussell@smith.com,"327 Roberts Neck
Gonzalezshire, WA 18952",508.559.9292
John Price,779362405,daniel62@powell.com,"PSC 5622, Box 3709
APO AA 38900",546-202-9331x88558
Bill Hopkins,499561637,briannaweeks@gmail.com,"54675 Matthew Key
Torresstad, ME 64087",288-662-8572
Ryan Harrison,179287266,carrie64@hotmail.com,"66252 Trevor Harbor Apt. 887
Lake Ambertown, TN 81820",001-320-723-6362x5909
Donald Young,667230218,stanleyhall@hotmail.com,"223 Dawson Mall Suite 571
Smithburgh, MS 75952",929-112-6985x483
Louis Gilbert,311310607,pgreene@hotmail.com,"530 Brown Corner
Thompsontown, WV 70738",461.203.7672x451
Marcus Martin,319413369,jamesjenkins@harmon-randall.com,"PSC 6227, Box 1600
APO AP 14578",+1-071-678-3536x79738
Sharon Ingram,861461933,seanbishop@yahoo.com,"132 Vargas Turnpike
Danielbury, DE 40715",270.214.8473x8548
Kyle Martinez,61660425,haleronald@vargas-hernandez.info,"USS Greene
FPO AA 26511",676-110-6562x32575
Elizabeth Rodriguez,603449840,kathyrodriguez@thompson.biz,"3551 Rodriguez Port Apt. 808
Lake Charles, WI 24322",(677)161-5260x6354
Christopher Gomez,917844640,marcus34@hotmail.com,"875 Jennifer Oval Suite 067
West Phillipmouth, IL 91337",001-066-886-7181x1777
Brian Morton,843106189,garnold@bender-caldwell.com,"431 Rodriguez Estate Suite 894
New Christopherview, TN 74616",+1-352-961-6835x0739
